INSERT INTO userIn (userID, unameFirst, unameLast) VALUES (1000, 'Abigail', 'W.');
INSERT INTO userIn (userID, unameFirst, unameLast) VALUES (1001, 'Denise', 'E.');
INSERT INTO userIn (userID, unameFirst, unameLast) VALUES (1002, 'Joan', 'T.');
INSERT INTO userIn (userID, unameFirst, unameLast) VALUES (1003, 'Marilyn', 'T.');
INSERT INTO userIn (userID, unameFirst, unameLast) VALUES (1004, 'Arthur', 'R.');
INSERT INTO userIn (userID, unameFirst, unameLast) VALUES (1005, 'Nathan', 'Y.');
INSERT INTO userIn (userID, unameFirst, unameLast) VALUES (1006, 'Jeffrey', 'S.');
INSERT INTO userIn (userID, unameFirst, unameLast) VALUES (1007, 'Willie', 'Z.');
INSERT INTO userIn (userID, unameFirst, unameLast) VALUES (1008, 'Marilyn', 'L.');
INSERT INTO userIn (userID, unameFirst, unameLast) VALUES (1009, 'Timothy', 'L.');
INSERT INTO userIn (userID, unameFirst, unameLast) VALUES (1010, 'Jessica', 'X.');
INSERT INTO userIn (userID, unameFirst, unameLast) VALUES (1011, 'Paul', 'D.');
INSERT INTO userIn (userID, unameFirst, unameLast) VALUES (1012, 'Larry', 'G.');
INSERT INTO userIn (userID, unameFirst, unameLast) VALUES (1013, 'Sean', 'S.');
INSERT INTO userIn (userID, unameFirst, unameLast) VALUES (1014, 'Natalie', 'X.');
INSERT INTO userIn (userID, unameFirst, unameLast) VALUES (1015, 'Cheryl', 'G.');
INSERT INTO userIn (userID, unameFirst, unameLast) VALUES (1016, 'Frances', 'S.');
INSERT INTO userIn (userID, unameFirst, unameLast) VALUES (1017, 'Billy', 'V.');
INSERT INTO userIn (userID, unameFirst, unameLast) VALUES (1018, 'Jonathan', 'Q.');
INSERT INTO userIn (userID, unameFirst, unameLast) VALUES (1019, 'Doris', 'G.');
INSERT INTO userIn (userID, unameFirst, unameLast) VALUES (1020, 'Brittany', 'I.');
INSERT INTO userIn (userID, unameFirst, unameLast) VALUES (1021, 'Matthew', 'C.');
INSERT INTO userIn (userID, unameFirst, unameLast) VALUES (1022, 'Gabriel', 'I.');
INSERT INTO userIn (userID, unameFirst, unameLast) VALUES (1023, 'Susan', 'D.');
INSERT INTO userIn (userID, unameFirst, unameLast) VALUES (1024, 'Eric', 'S.');
INSERT INTO userIn (userID, unameFirst, unameLast) VALUES (1025, 'Brittany', 'M.');
INSERT INTO userIn (userID, unameFirst, unameLast) VALUES (1026, 'Gloria', 'C.');
INSERT INTO userIn (userID, unameFirst, unameLast) VALUES (1027, 'Alexis', 'K.');
INSERT INTO userIn (userID, unameFirst, unameLast) VALUES (1028, 'Willie', 'R.');
INSERT INTO userIn (userID, unameFirst, unameLast) VALUES (1029, 'Abigail', 'N.');
INSERT INTO userIn (userID, unameFirst, unameLast) VALUES (1030, 'Terry', 'V.');
INSERT INTO userIn (userID, unameFirst, unameLast) VALUES (1031, 'Kevin', 'A.');
INSERT INTO userIn (userID, unameFirst, unameLast) VALUES (1032, 'Virginia', 'L.');
INSERT INTO userIn (userID, unameFirst, unameLast) VALUES (1033, 'Cynthia', 'D.');
INSERT INTO userIn (userID, unameFirst, unameLast) VALUES (1034, 'Cynthia', 'L.');
INSERT INTO userIn (userID, unameFirst, unameLast) VALUES (1035, 'Elizabeth', 'L.');
INSERT INTO userIn (userID, unameFirst, unameLast) VALUES (1036, 'Terry', 'E.');
INSERT INTO userIn (userID, unameFirst, unameLast) VALUES (1037, 'Donald', 'W.');
INSERT INTO userIn (userID, unameFirst, unameLast) VALUES (1038, 'Nicole', 'T.');
INSERT INTO userIn (userID, unameFirst, unameLast) VALUES (1039, 'Marie', 'G.');
INSERT INTO userIn (userID, unameFirst, unameLast) VALUES (1040, 'Ann', 'C.');
INSERT INTO userIn (userID, unameFirst, unameLast) VALUES (1041, 'Judith', 'T.');
INSERT INTO userIn (userID, unameFirst, unameLast) VALUES (1042, 'Jason', 'L.');
INSERT INTO userIn (userID, unameFirst, unameLast) VALUES (1043, 'Michelle', 'O.');
INSERT INTO userIn (userID, unameFirst, unameLast) VALUES (1044, 'Sean', 'Z.');
INSERT INTO userIn (userID, unameFirst, unameLast) VALUES (1045, 'Arthur', 'X.');
INSERT INTO userIn (userID, unameFirst, unameLast) VALUES (1046, 'Alexis', 'M.');
INSERT INTO userIn (userID, unameFirst, unameLast) VALUES (1047, 'Bradley', 'X.');
INSERT INTO userIn (userID, unameFirst, unameLast) VALUES (1048, 'Steven', 'H.');
INSERT INTO userIn (userID, unameFirst, unameLast) VALUES (1049, 'Eugene', 'G.');
INSERT INTO userIn (userID, unameFirst, unameLast) VALUES (1050, 'Adam', 'J.');
INSERT INTO userIn (userID, unameFirst, unameLast) VALUES (1051, 'Betty', 'O.');
INSERT INTO userIn (userID, unameFirst, unameLast) VALUES (1052, 'Megan', 'O.');
INSERT INTO userIn (userID, unameFirst, unameLast) VALUES (1053, 'Philip', 'O.');
INSERT INTO userIn (userID, unameFirst, unameLast) VALUES (1054, 'Margaret', 'T.');
INSERT INTO userIn (userID, unameFirst, unameLast) VALUES (1055, 'Kathryn', 'F.');
INSERT INTO userIn (userID, unameFirst, unameLast) VALUES (1056, 'William', 'T.');
INSERT INTO userIn (userID, unameFirst, unameLast) VALUES (1057, 'Frances', 'X.');
INSERT INTO userIn (userID, unameFirst, unameLast) VALUES (1058, 'Denise', 'U.');
INSERT INTO userIn (userID, unameFirst, unameLast) VALUES (1059, 'Angela', 'D.');
INSERT INTO userIn (userID, unameFirst, unameLast) VALUES (1060, 'Joseph', 'T.');
INSERT INTO userIn (userID, unameFirst, unameLast) VALUES (1061, 'Zachary', 'V.');
INSERT INTO userIn (userID, unameFirst, unameLast) VALUES (1062, 'Marie', 'H.');
INSERT INTO userIn (userID, unameFirst, unameLast) VALUES (1063, 'Nancy', 'A.');
INSERT INTO userIn (userID, unameFirst, unameLast) VALUES (1064, 'Steven', 'Z.');
INSERT INTO userIn (userID, unameFirst, unameLast) VALUES (1065, 'Keith', 'S.');
INSERT INTO userIn (userID, unameFirst, unameLast) VALUES (1066, 'Denise', 'Y.');
INSERT INTO userIn (userID, unameFirst, unameLast) VALUES (1067, 'Ruth', 'G.');
INSERT INTO userIn (userID, unameFirst, unameLast) VALUES (1068, 'Philip', 'T.');
INSERT INTO userIn (userID, unameFirst, unameLast) VALUES (1069, 'Rachel', 'T.');
INSERT INTO userIn (userID, unameFirst, unameLast) VALUES (1070, 'Ronald', 'I.');
INSERT INTO userIn (userID, unameFirst, unameLast) VALUES (1071, 'Noah', 'P.');
INSERT INTO userIn (userID, unameFirst, unameLast) VALUES (1072, 'Johnny', 'H.');
INSERT INTO userIn (userID, unameFirst, unameLast) VALUES (1073, 'Jordan', 'Y.');
INSERT INTO userIn (userID, unameFirst, unameLast) VALUES (1074, 'Benjamin', 'Y.');
INSERT INTO userIn (userID, unameFirst, unameLast) VALUES (1075, 'Kyle', 'O.');
INSERT INTO userIn (userID, unameFirst, unameLast) VALUES (1076, 'Sharon', 'R.');
INSERT INTO userIn (userID, unameFirst, unameLast) VALUES (1077, 'Andrea', 'R.');
INSERT INTO userIn (userID, unameFirst, unameLast) VALUES (1078, 'Janice', 'J.');
INSERT INTO userIn (userID, unameFirst, unameLast) VALUES (1079, 'Roger', 'C.');
INSERT INTO userIn (userID, unameFirst, unameLast) VALUES (1080, 'Michelle', 'E.');
INSERT INTO userIn (userID, unameFirst, unameLast) VALUES (1081, 'Frank', 'F.');
INSERT INTO userIn (userID, unameFirst, unameLast) VALUES (1082, 'Emma', 'W.');
INSERT INTO userIn (userID, unameFirst, unameLast) VALUES (1083, 'Bruce', 'G.');
INSERT INTO userIn (userID, unameFirst, unameLast) VALUES (1084, 'Rebecca', 'K.');
INSERT INTO userIn (userID, unameFirst, unameLast) VALUES (1085, 'Jack', 'O.');
INSERT INTO userIn (userID, unameFirst, unameLast) VALUES (1086, 'Sean', 'Y.');
INSERT INTO userIn (userID, unameFirst, unameLast) VALUES (1087, 'Frances', 'G.');
INSERT INTO userIn (userID, unameFirst, unameLast) VALUES (1088, 'Terry', 'G.');
INSERT INTO userIn (userID, unameFirst, unameLast) VALUES (1089, 'Joe', 'K.');
INSERT INTO userIn (userID, unameFirst, unameLast) VALUES (1090, 'Steven', 'C.');
INSERT INTO userIn (userID, unameFirst, unameLast) VALUES (1091, 'Madison', 'V.');
INSERT INTO userIn (userID, unameFirst, unameLast) VALUES (1092, 'Robert', 'Q.');
INSERT INTO userIn (userID, unameFirst, unameLast) VALUES (1093, 'Wayne', 'E.');
INSERT INTO userIn (userID, unameFirst, unameLast) VALUES (1094, 'Madison', 'Z.');
INSERT INTO userIn (userID, unameFirst, unameLast) VALUES (1095, 'Henry', 'I.');
INSERT INTO userIn (userID, unameFirst, unameLast) VALUES (1096, 'Kayla', 'Z.');
INSERT INTO userIn (userID, unameFirst, unameLast) VALUES (1097, 'Elizabeth', 'V.');
INSERT INTO userIn (userID, unameFirst, unameLast) VALUES (1098, 'Carolyn', 'P.');
INSERT INTO userIn (userID, unameFirst, unameLast) VALUES (1099, 'Cheryl', 'J.');
INSERT INTO survey (sname, created) VALUES ('test survey v2', '2021-01-01 00:00:00');
INSERT INTO question (label, ordinal, sname) VALUES ('question A', 1,'test survey v2');
INSERT INTO question (label, ordinal, sname) VALUES ('question B', 2,'test survey v2');
INSERT INTO question (label, ordinal, sname) VALUES ('question C', 3,'test survey v2');
INSERT INTO wasGiven (userID, sname, completed) VALUES (1000, 'test survey v2', NULL);
INSERT INTO wasGiven (userID, sname, completed) VALUES (1001, 'test survey v2', NULL);
INSERT INTO wasGiven (userID, sname, completed) VALUES (1002, 'test survey v2', '2021-01-06 10:02:44');
INSERT INTO responded (userID, label, scaleValUserIn) VALUES (1002, 'question A', 3);
INSERT INTO responded (userID, label, scaleValUserIn) VALUES (1002, 'question B', 2);
INSERT INTO responded (userID, label, scaleValUserIn) VALUES (1002, 'question C', 1);
INSERT INTO wasGiven (userID, sname, completed) VALUES (1003, 'test survey v2', '2021-01-08 08:06:04');
INSERT INTO responded (userID, label, scaleValUserIn) VALUES (1003, 'question A', 2);
INSERT INTO responded (userID, label, scaleValUserIn) VALUES (1003, 'question B', 4);
INSERT INTO responded (userID, label, scaleValUserIn) VALUES (1003, 'question C', 4);
INSERT INTO wasGiven (userID, sname, completed) VALUES (1004, 'test survey v2', '2021-01-11 13:32:42');
INSERT INTO responded (userID, label, scaleValUserIn) VALUES (1004, 'question A', 5);
INSERT INTO responded (userID, label, scaleValUserIn) VALUES (1004, 'question B', 5);
INSERT INTO responded (userID, label, scaleValUserIn) VALUES (1004, 'question C', 4);
INSERT INTO wasGiven (userID, sname, completed) VALUES (1005, 'test survey v2', '2021-01-04 08:57:59');
INSERT INTO responded (userID, label, scaleValUserIn) VALUES (1005, 'question A', 3);
INSERT INTO responded (userID, label, scaleValUserIn) VALUES (1005, 'question B', 3);
INSERT INTO responded (userID, label, scaleValUserIn) VALUES (1005, 'question C', 3);
INSERT INTO wasGiven (userID, sname, completed) VALUES (1006, 'test survey v2', NULL);
INSERT INTO wasGiven (userID, sname, completed) VALUES (1007, 'test survey v2', '2021-01-04 20:03:30');
INSERT INTO responded (userID, label, scaleValUserIn) VALUES (1007, 'question A', 3);
INSERT INTO responded (userID, label, scaleValUserIn) VALUES (1007, 'question B', 4);
INSERT INTO responded (userID, label, scaleValUserIn) VALUES (1007, 'question C', 4);
INSERT INTO wasGiven (userID, sname, completed) VALUES (1008, 'test survey v2', '2021-01-06 20:48:43');
INSERT INTO responded (userID, label, scaleValUserIn) VALUES (1008, 'question A', 3);
INSERT INTO responded (userID, label, scaleValUserIn) VALUES (1008, 'question B', 5);
INSERT INTO responded (userID, label, scaleValUserIn) VALUES (1008, 'question C', 5);
INSERT INTO wasGiven (userID, sname, completed) VALUES (1009, 'test survey v2', '2021-01-04 16:06:13');
INSERT INTO responded (userID, label, scaleValUserIn) VALUES (1009, 'question A', 5);
INSERT INTO responded (userID, label, scaleValUserIn) VALUES (1009, 'question B', 3);
INSERT INTO responded (userID, label, scaleValUserIn) VALUES (1009, 'question C', 4);
INSERT INTO wasGiven (userID, sname, completed) VALUES (1010, 'test survey v2', NULL);
INSERT INTO wasGiven (userID, sname, completed) VALUES (1011, 'test survey v2', '2021-01-09 03:58:26');
INSERT INTO responded (userID, label, scaleValUserIn) VALUES (1011, 'question A', 5);
INSERT INTO responded (userID, label, scaleValUserIn) VALUES (1011, 'question B', 3);
INSERT INTO responded (userID, label, scaleValUserIn) VALUES (1011, 'question C', 5);
INSERT INTO wasGiven (userID, sname, completed) VALUES (1012, 'test survey v2', NULL);
INSERT INTO wasGiven (userID, sname, completed) VALUES (1013, 'test survey v2', '2021-01-07 09:52:16');
INSERT INTO responded (userID, label, scaleValUserIn) VALUES (1013, 'question A', 2);
INSERT INTO responded (userID, label, scaleValUserIn) VALUES (1013, 'question B', 1);
INSERT INTO responded (userID, label, scaleValUserIn) VALUES (1013, 'question C', 3);
INSERT INTO wasGiven (userID, sname, completed) VALUES (1014, 'test survey v2', '2021-01-03 22:37:27');
INSERT INTO responded (userID, label, scaleValUserIn) VALUES (1014, 'question A', 2);
INSERT INTO responded (userID, label, scaleValUserIn) VALUES (1014, 'question B', 5);
INSERT INTO responded (userID, label, scaleValUserIn) VALUES (1014, 'question C', 5);
INSERT INTO wasGiven (userID, sname, completed) VALUES (1015, 'test survey v2', '2021-01-03 08:13:24');
INSERT INTO responded (userID, label, scaleValUserIn) VALUES (1015, 'question A', 4);
INSERT INTO responded (userID, label, scaleValUserIn) VALUES (1015, 'question B', 3);
INSERT INTO responded (userID, label, scaleValUserIn) VALUES (1015, 'question C', 2);
INSERT INTO wasGiven (userID, sname, completed) VALUES (1016, 'test survey v2', NULL);
INSERT INTO wasGiven (userID, sname, completed) VALUES (1017, 'test survey v2', '2021-01-02 11:01:18');
INSERT INTO responded (userID, label, scaleValUserIn) VALUES (1017, 'question A', 5);
INSERT INTO responded (userID, label, scaleValUserIn) VALUES (1017, 'question B', 3);
INSERT INTO responded (userID, label, scaleValUserIn) VALUES (1017, 'question C', 4);
INSERT INTO wasGiven (userID, sname, completed) VALUES (1018, 'test survey v2', '2021-01-08 01:35:49');
INSERT INTO responded (userID, label, scaleValUserIn) VALUES (1018, 'question A', 1);
INSERT INTO responded (userID, label, scaleValUserIn) VALUES (1018, 'question B', 1);
INSERT INTO responded (userID, label, scaleValUserIn) VALUES (1018, 'question C', 3);
INSERT INTO wasGiven (userID, sname, completed) VALUES (1019, 'test survey v2', NULL);
INSERT INTO wasGiven (userID, sname, completed) VALUES (1020, 'test survey v2', '2021-01-06 17:52:52');
INSERT INTO responded (userID, label, scaleValUserIn) VALUES (1020, 'question A', 2);
INSERT INTO responded (userID, label, scaleValUserIn) VALUES (1020, 'question B', 2);
INSERT INTO responded (userID, label, scaleValUserIn) VALUES (1020, 'question C', 4);
INSERT INTO wasGiven (userID, sname, completed) VALUES (1021, 'test survey v2', '2021-01-09 07:30:37');
INSERT INTO responded (userID, label, scaleValUserIn) VALUES (1021, 'question A', 3);
INSERT INTO responded (userID, label, scaleValUserIn) VALUES (1021, 'question B', 3);
INSERT INTO responded (userID, label, scaleValUserIn) VALUES (1021, 'question C', 3);
INSERT INTO wasGiven (userID, sname, completed) VALUES (1022, 'test survey v2', NULL);
INSERT INTO wasGiven (userID, sname, completed) VALUES (1023, 'test survey v2', NULL);
INSERT INTO wasGiven (userID, sname, completed) VALUES (1024, 'test survey v2', '2021-01-02 00:26:54');
INSERT INTO responded (userID, label, scaleValUserIn) VALUES (1024, 'question A', 2);
INSERT INTO responded (userID, label, scaleValUserIn) VALUES (1024, 'question B', 2);
INSERT INTO responded (userID, label, scaleValUserIn) VALUES (1024, 'question C', 2);
INSERT INTO wasGiven (userID, sname, completed) VALUES (1025, 'test survey v2', NULL);
INSERT INTO wasGiven (userID, sname, completed) VALUES (1026, 'test survey v2', '2021-01-05 14:55:23');
INSERT INTO responded (userID, label, scaleValUserIn) VALUES (1026, 'question A', 4);
INSERT INTO responded (userID, label, scaleValUserIn) VALUES (1026, 'question B', 5);
INSERT INTO responded (userID, label, scaleValUserIn) VALUES (1026, 'question C', 4);
INSERT INTO wasGiven (userID, sname, completed) VALUES (1027, 'test survey v2', NULL);
INSERT INTO wasGiven (userID, sname, completed) VALUES (1028, 'test survey v2', NULL);
INSERT INTO wasGiven (userID, sname, completed) VALUES (1029, 'test survey v2', '2021-01-01 20:20:05');
INSERT INTO responded (userID, label, scaleValUserIn) VALUES (1029, 'question A', 5);
INSERT INTO responded (userID, label, scaleValUserIn) VALUES (1029, 'question B', 4);
INSERT INTO responded (userID, label, scaleValUserIn) VALUES (1029, 'question C', 3);
INSERT INTO wasGiven (userID, sname, completed) VALUES (1030, 'test survey v2', '2021-01-02 22:35:41');
INSERT INTO responded (userID, label, scaleValUserIn) VALUES (1030, 'question A', 5);
INSERT INTO responded (userID, label, scaleValUserIn) VALUES (1030, 'question B', 4);
INSERT INTO responded (userID, label, scaleValUserIn) VALUES (1030, 'question C', 5);
INSERT INTO wasGiven (userID, sname, completed) VALUES (1031, 'test survey v2', NULL);
INSERT INTO wasGiven (userID, sname, completed) VALUES (1032, 'test survey v2', '2021-01-10 04:27:33');
INSERT INTO responded (userID, label, scaleValUserIn) VALUES (1032, 'question A', 2);
INSERT INTO responded (userID, label, scaleValUserIn) VALUES (1032, 'question B', 4);
INSERT INTO responded (userID, label, scaleValUserIn) VALUES (1032, 'question C', 3);
INSERT INTO wasGiven (userID, sname, completed) VALUES (1033, 'test survey v2', '2021-01-05 05:29:53');
INSERT INTO responded (userID, label, scaleValUserIn) VALUES (1033, 'question A', 5);
INSERT INTO responded (userID, label, scaleValUserIn) VALUES (1033, 'question B', 5);
INSERT INTO responded (userID, label, scaleValUserIn) VALUES (1033, 'question C', 4);
INSERT INTO wasGiven (userID, sname, completed) VALUES (1034, 'test survey v2', '2021-01-06 13:37:53');
INSERT INTO responded (userID, label, scaleValUserIn) VALUES (1034, 'question A', 4);
INSERT INTO responded (userID, label, scaleValUserIn) VALUES (1034, 'question B', 1);
INSERT INTO responded (userID, label, scaleValUserIn) VALUES (1034, 'question C', 1);
INSERT INTO wasGiven (userID, sname, completed) VALUES (1035, 'test survey v2', '2021-01-09 08:22:18');
INSERT INTO responded (userID, label, scaleValUserIn) VALUES (1035, 'question A', 4);
INSERT INTO responded (userID, label, scaleValUserIn) VALUES (1035, 'question B', 5);
INSERT INTO responded (userID, label, scaleValUserIn) VALUES (1035, 'question C', 4);
INSERT INTO wasGiven (userID, sname, completed) VALUES (1036, 'test survey v2', '2021-01-02 12:16:25');
INSERT INTO responded (userID, label, scaleValUserIn) VALUES (1036, 'question A', 1);
INSERT INTO responded (userID, label, scaleValUserIn) VALUES (1036, 'question B', 4);
INSERT INTO responded (userID, label, scaleValUserIn) VALUES (1036, 'question C', 1);
INSERT INTO wasGiven (userID, sname, completed) VALUES (1037, 'test survey v2', NULL);
INSERT INTO wasGiven (userID, sname, completed) VALUES (1038, 'test survey v2', NULL);
INSERT INTO wasGiven (userID, sname, completed) VALUES (1039, 'test survey v2', NULL);
INSERT INTO wasGiven (userID, sname, completed) VALUES (1040, 'test survey v2', '2021-01-04 12:11:30');
INSERT INTO responded (userID, label, scaleValUserIn) VALUES (1040, 'question A', 2);
INSERT INTO responded (userID, label, scaleValUserIn) VALUES (1040, 'question B', 2);
INSERT INTO responded (userID, label, scaleValUserIn) VALUES (1040, 'question C', 5);
INSERT INTO wasGiven (userID, sname, completed) VALUES (1041, 'test survey v2', '2021-01-10 11:21:05');
INSERT INTO responded (userID, label, scaleValUserIn) VALUES (1041, 'question A', 5);
INSERT INTO responded (userID, label, scaleValUserIn) VALUES (1041, 'question B', 5);
INSERT INTO responded (userID, label, scaleValUserIn) VALUES (1041, 'question C', 3);
INSERT INTO wasGiven (userID, sname, completed) VALUES (1042, 'test survey v2', '2021-01-09 05:27:08');
INSERT INTO responded (userID, label, scaleValUserIn) VALUES (1042, 'question A', 4);
INSERT INTO responded (userID, label, scaleValUserIn) VALUES (1042, 'question B', 3);
INSERT INTO responded (userID, label, scaleValUserIn) VALUES (1042, 'question C', 1);
INSERT INTO wasGiven (userID, sname, completed) VALUES (1043, 'test survey v2', '2021-01-07 19:50:17');
INSERT INTO responded (userID, label, scaleValUserIn) VALUES (1043, 'question A', 1);
INSERT INTO responded (userID, label, scaleValUserIn) VALUES (1043, 'question B', 2);
INSERT INTO responded (userID, label, scaleValUserIn) VALUES (1043, 'question C', 1);
INSERT INTO wasGiven (userID, sname, completed) VALUES (1044, 'test survey v2', '2021-01-11 03:24:17');
INSERT INTO responded (userID, label, scaleValUserIn) VALUES (1044, 'question A', 3);
INSERT INTO responded (userID, label, scaleValUserIn) VALUES (1044, 'question B', 2);
INSERT INTO responded (userID, label, scaleValUserIn) VALUES (1044, 'question C', 1);
INSERT INTO wasGiven (userID, sname, completed) VALUES (1045, 'test survey v2', '2021-01-03 20:11:41');
INSERT INTO responded (userID, label, scaleValUserIn) VALUES (1045, 'question A', 3);
INSERT INTO responded (userID, label, scaleValUserIn) VALUES (1045, 'question B', 5);
INSERT INTO responded (userID, label, scaleValUserIn) VALUES (1045, 'question C', 3);
INSERT INTO wasGiven (userID, sname, completed) VALUES (1046, 'test survey v2', NULL);
INSERT INTO wasGiven (userID, sname, completed) VALUES (1047, 'test survey v2', '2021-01-10 19:49:15');
INSERT INTO responded (userID, label, scaleValUserIn) VALUES (1047, 'question A', 1);
INSERT INTO responded (userID, label, scaleValUserIn) VALUES (1047, 'question B', 3);
INSERT INTO responded (userID, label, scaleValUserIn) VALUES (1047, 'question C', 3);
INSERT INTO wasGiven (userID, sname, completed) VALUES (1048, 'test survey v2', '2021-01-05 00:45:10');
INSERT INTO responded (userID, label, scaleValUserIn) VALUES (1048, 'question A', 3);
INSERT INTO responded (userID, label, scaleValUserIn) VALUES (1048, 'question B', 1);
INSERT INTO responded (userID, label, scaleValUserIn) VALUES (1048, 'question C', 3);
INSERT INTO wasGiven (userID, sname, completed) VALUES (1049, 'test survey v2', '2021-01-11 00:20:06');
INSERT INTO responded (userID, label, scaleValUserIn) VALUES (1049, 'question A', 2);
INSERT INTO responded (userID, label, scaleValUserIn) VALUES (1049, 'question B', 5);
INSERT INTO responded (userID, label, scaleValUserIn) VALUES (1049, 'question C', 4);
INSERT INTO wasGiven (userID, sname, completed) VALUES (1050, 'test survey v2', NULL);
INSERT INTO wasGiven (userID, sname, completed) VALUES (1051, 'test survey v2', '2021-01-03 11:48:55');
INSERT INTO responded (userID, label, scaleValUserIn) VALUES (1051, 'question A', 5);
INSERT INTO responded (userID, label, scaleValUserIn) VALUES (1051, 'question B', 2);
INSERT INTO responded (userID, label, scaleValUserIn) VALUES (1051, 'question C', 3);
INSERT INTO wasGiven (userID, sname, completed) VALUES (1052, 'test survey v2', '2021-01-08 07:16:33');
INSERT INTO responded (userID, label, scaleValUserIn) VALUES (1052, 'question A', 1);
INSERT INTO responded (userID, label, scaleValUserIn) VALUES (1052, 'question B', 4);
INSERT INTO responded (userID, label, scaleValUserIn) VALUES (1052, 'question C', 3);
INSERT INTO wasGiven (userID, sname, completed) VALUES (1053, 'test survey v2', '2021-01-09 11:58:17');
INSERT INTO responded (userID, label, scaleValUserIn) VALUES (1053, 'question A', 3);
INSERT INTO responded (userID, label, scaleValUserIn) VALUES (1053, 'question B', 1);
INSERT INTO responded (userID, label, scaleValUserIn) VALUES (1053, 'question C', 3);
INSERT INTO wasGiven (userID, sname, completed) VALUES (1054, 'test survey v2', '2021-01-05 19:58:15');
INSERT INTO responded (userID, label, scaleValUserIn) VALUES (1054, 'question A', 2);
INSERT INTO responded (userID, label, scaleValUserIn) VALUES (1054, 'question B', 5);
INSERT INTO responded (userID, label, scaleValUserIn) VALUES (1054, 'question C', 5);
INSERT INTO wasGiven (userID, sname, completed) VALUES (1055, 'test survey v2', '2021-01-11 07:13:50');
INSERT INTO responded (userID, label, scaleValUserIn) VALUES (1055, 'question A', 4);
INSERT INTO responded (userID, label, scaleValUserIn) VALUES (1055, 'question B', 3);
INSERT INTO responded (userID, label, scaleValUserIn) VALUES (1055, 'question C', 2);
INSERT INTO wasGiven (userID, sname, completed) VALUES (1056, 'test survey v2', NULL);
INSERT INTO wasGiven (userID, sname, completed) VALUES (1057, 'test survey v2', '2021-01-10 03:49:21');
INSERT INTO responded (userID, label, scaleValUserIn) VALUES (1057, 'question A', 2);
INSERT INTO responded (userID, label, scaleValUserIn) VALUES (1057, 'question B', 5);
INSERT INTO responded (userID, label, scaleValUserIn) VALUES (1057, 'question C', 5);
INSERT INTO wasGiven (userID, sname, completed) VALUES (1058, 'test survey v2', NULL);
INSERT INTO wasGiven (userID, sname, completed) VALUES (1059, 'test survey v2', '2021-01-04 13:32:11');
INSERT INTO responded (userID, label, scaleValUserIn) VALUES (1059, 'question A', 5);
INSERT INTO responded (userID, label, scaleValUserIn) VALUES (1059, 'question B', 4);
INSERT INTO responded (userID, label, scaleValUserIn) VALUES (1059, 'question C', 3);
INSERT INTO wasGiven (userID, sname, completed) VALUES (1060, 'test survey v2', NULL);
INSERT INTO wasGiven (userID, sname, completed) VALUES (1061, 'test survey v2', '2021-01-08 23:28:34');
INSERT INTO responded (userID, label, scaleValUserIn) VALUES (1061, 'question A', 3);
INSERT INTO responded (userID, label, scaleValUserIn) VALUES (1061, 'question B', 4);
INSERT INTO responded (userID, label, scaleValUserIn) VALUES (1061, 'question C', 2);
INSERT INTO wasGiven (userID, sname, completed) VALUES (1062, 'test survey v2', NULL);
INSERT INTO wasGiven (userID, sname, completed) VALUES (1063, 'test survey v2', '2021-01-09 23:16:19');
INSERT INTO responded (userID, label, scaleValUserIn) VALUES (1063, 'question A', 3);
INSERT INTO responded (userID, label, scaleValUserIn) VALUES (1063, 'question B', 5);
INSERT INTO responded (userID, label, scaleValUserIn) VALUES (1063, 'question C', 5);
INSERT INTO wasGiven (userID, sname, completed) VALUES (1064, 'test survey v2', '2021-01-09 20:17:22');
INSERT INTO responded (userID, label, scaleValUserIn) VALUES (1064, 'question A', 3);
INSERT INTO responded (userID, label, scaleValUserIn) VALUES (1064, 'question B', 3);
INSERT INTO responded (userID, label, scaleValUserIn) VALUES (1064, 'question C', 5);
INSERT INTO wasGiven (userID, sname, completed) VALUES (1065, 'test survey v2', '2021-01-07 21:33:13');
INSERT INTO responded (userID, label, scaleValUserIn) VALUES (1065, 'question A', 1);
INSERT INTO responded (userID, label, scaleValUserIn) VALUES (1065, 'question B', 3);
INSERT INTO responded (userID, label, scaleValUserIn) VALUES (1065, 'question C', 1);
INSERT INTO wasGiven (userID, sname, completed) VALUES (1066, 'test survey v2', '2021-01-01 13:34:31');
INSERT INTO responded (userID, label, scaleValUserIn) VALUES (1066, 'question A', 2);
INSERT INTO responded (userID, label, scaleValUserIn) VALUES (1066, 'question B', 2);
INSERT INTO responded (userID, label, scaleValUserIn) VALUES (1066, 'question C', 1);
INSERT INTO wasGiven (userID, sname, completed) VALUES (1067, 'test survey v2', '2021-01-03 08:08:54');
INSERT INTO responded (userID, label, scaleValUserIn) VALUES (1067, 'question A', 4);
INSERT INTO responded (userID, label, scaleValUserIn) VALUES (1067, 'question B', 4);
INSERT INTO responded (userID, label, scaleValUserIn) VALUES (1067, 'question C', 4);
INSERT INTO wasGiven (userID, sname, completed) VALUES (1068, 'test survey v2', NULL);
INSERT INTO wasGiven (userID, sname, completed) VALUES (1069, 'test survey v2', '2021-01-04 12:58:12');
INSERT INTO responded (userID, label, scaleValUserIn) VALUES (1069, 'question A', 3);
INSERT INTO responded (userID, label, scaleValUserIn) VALUES (1069, 'question B', 5);
INSERT INTO responded (userID, label, scaleValUserIn) VALUES (1069, 'question C', 5);
INSERT INTO wasGiven (userID, sname, completed) VALUES (1070, 'test survey v2', NULL);
INSERT INTO wasGiven (userID, sname, completed) VALUES (1071, 'test survey v2', NULL);
INSERT INTO wasGiven (userID, sname, completed) VALUES (1072, 'test survey v2', '2021-01-04 23:30:54');
INSERT INTO responded (userID, label, scaleValUserIn) VALUES (1072, 'question A', 5);
INSERT INTO responded (userID, label, scaleValUserIn) VALUES (1072, 'question B', 4);
INSERT INTO responded (userID, label, scaleValUserIn) VALUES (1072, 'question C', 5);
INSERT INTO wasGiven (userID, sname, completed) VALUES (1073, 'test survey v2', '2021-01-05 13:28:06');
INSERT INTO responded (userID, label, scaleValUserIn) VALUES (1073, 'question A', 3);
INSERT INTO responded (userID, label, scaleValUserIn) VALUES (1073, 'question B', 4);
INSERT INTO responded (userID, label, scaleValUserIn) VALUES (1073, 'question C', 5);
INSERT INTO wasGiven (userID, sname, completed) VALUES (1074, 'test survey v2', '2021-01-01 06:39:59');
INSERT INTO responded (userID, label, scaleValUserIn) VALUES (1074, 'question A', 4);
INSERT INTO responded (userID, label, scaleValUserIn) VALUES (1074, 'question B', 1);
INSERT INTO responded (userID, label, scaleValUserIn) VALUES (1074, 'question C', 1);
INSERT INTO wasGiven (userID, sname, completed) VALUES (1075, 'test survey v2', NULL);
INSERT INTO wasGiven (userID, sname, completed) VALUES (1076, 'test survey v2', '2021-01-04 16:27:26');
INSERT INTO responded (userID, label, scaleValUserIn) VALUES (1076, 'question A', 3);
INSERT INTO responded (userID, label, scaleValUserIn) VALUES (1076, 'question B', 4);
INSERT INTO responded (userID, label, scaleValUserIn) VALUES (1076, 'question C', 5);
INSERT INTO wasGiven (userID, sname, completed) VALUES (1077, 'test survey v2', '2021-01-06 13:48:52');
INSERT INTO responded (userID, label, scaleValUserIn) VALUES (1077, 'question A', 2);
INSERT INTO responded (userID, label, scaleValUserIn) VALUES (1077, 'question B', 2);
INSERT INTO responded (userID, label, scaleValUserIn) VALUES (1077, 'question C', 1);
INSERT INTO wasGiven (userID, sname, completed) VALUES (1078, 'test survey v2', NULL);
INSERT INTO wasGiven (userID, sname, completed) VALUES (1079, 'test survey v2', NULL);
INSERT INTO wasGiven (userID, sname, completed) VALUES (1080, 'test survey v2', '2021-01-09 07:56:24');
INSERT INTO responded (userID, label, scaleValUserIn) VALUES (1080, 'question A', 1);
INSERT INTO responded (userID, label, scaleValUserIn) VALUES (1080, 'question B', 4);
INSERT INTO responded (userID, label, scaleValUserIn) VALUES (1080, 'question C', 2);
INSERT INTO wasGiven (userID, sname, completed) VALUES (1081, 'test survey v2', '2021-01-10 06:50:10');
INSERT INTO responded (userID, label, scaleValUserIn) VALUES (1081, 'question A', 5);
INSERT INTO responded (userID, label, scaleValUserIn) VALUES (1081, 'question B', 5);
INSERT INTO responded (userID, label, scaleValUserIn) VALUES (1081, 'question C', 5);
INSERT INTO wasGiven (userID, sname, completed) VALUES (1082, 'test survey v2', '2021-01-06 04:22:03');
INSERT INTO responded (userID, label, scaleValUserIn) VALUES (1082, 'question A', 3);
INSERT INTO responded (userID, label, scaleValUserIn) VALUES (1082, 'question B', 3);
INSERT INTO responded (userID, label, scaleValUserIn) VALUES (1082, 'question C', 1);
INSERT INTO wasGiven (userID, sname, completed) VALUES (1083, 'test survey v2', '2021-01-06 17:27:17');
INSERT INTO responded (userID, label, scaleValUserIn) VALUES (1083, 'question A', 3);
INSERT INTO responded (userID, label, scaleValUserIn) VALUES (1083, 'question B', 5);
INSERT INTO responded (userID, label, scaleValUserIn) VALUES (1083, 'question C', 3);
INSERT INTO wasGiven (userID, sname, completed) VALUES (1084, 'test survey v2', '2021-01-08 01:51:44');
INSERT INTO responded (userID, label, scaleValUserIn) VALUES (1084, 'question A', 4);
INSERT INTO responded (userID, label, scaleValUserIn) VALUES (1084, 'question B', 3);
INSERT INTO responded (userID, label, scaleValUserIn) VALUES (1084, 'question C', 3);
INSERT INTO wasGiven (userID, sname, completed) VALUES (1085, 'test survey v2', '2021-01-04 09:43:03');
INSERT INTO responded (userID, label, scaleValUserIn) VALUES (1085, 'question A', 5);
INSERT INTO responded (userID, label, scaleValUserIn) VALUES (1085, 'question B', 2);
INSERT INTO responded (userID, label, scaleValUserIn) VALUES (1085, 'question C', 5);
INSERT INTO wasGiven (userID, sname, completed) VALUES (1086, 'test survey v2', NULL);
INSERT INTO wasGiven (userID, sname, completed) VALUES (1087, 'test survey v2', NULL);
INSERT INTO wasGiven (userID, sname, completed) VALUES (1088, 'test survey v2', '2021-01-02 05:45:06');
INSERT INTO responded (userID, label, scaleValUserIn) VALUES (1088, 'question A', 2);
INSERT INTO responded (userID, label, scaleValUserIn) VALUES (1088, 'question B', 2);
INSERT INTO responded (userID, label, scaleValUserIn) VALUES (1088, 'question C', 2);
INSERT INTO wasGiven (userID, sname, completed) VALUES (1089, 'test survey v2', '2021-01-03 21:21:40');
INSERT INTO responded (userID, label, scaleValUserIn) VALUES (1089, 'question A', 4);
INSERT INTO responded (userID, label, scaleValUserIn) VALUES (1089, 'question B', 1);
INSERT INTO responded (userID, label, scaleValUserIn) VALUES (1089, 'question C', 3);
INSERT INTO wasGiven (userID, sname, completed) VALUES (1090, 'test survey v2', NULL);
INSERT INTO wasGiven (userID, sname, completed) VALUES (1091, 'test survey v2', NULL);
INSERT INTO wasGiven (userID, sname, completed) VALUES (1092, 'test survey v2', NULL);
INSERT INTO wasGiven (userID, sname, completed) VALUES (1093, 'test survey v2', '2021-01-02 10:18:36');
INSERT INTO responded (userID, label, scaleValUserIn) VALUES (1093, 'question A', 5);
INSERT INTO responded (userID, label, scaleValUserIn) VALUES (1093, 'question B', 5);
INSERT INTO responded (userID, label, scaleValUserIn) VALUES (1093, 'question C', 3);
INSERT INTO wasGiven (userID, sname, completed) VALUES (1094, 'test survey v2', '2021-01-05 10:18:20');
INSERT INTO responded (userID, label, scaleValUserIn) VALUES (1094, 'question A', 5);
INSERT INTO responded (userID, label, scaleValUserIn) VALUES (1094, 'question B', 4);
INSERT INTO responded (userID, label, scaleValUserIn) VALUES (1094, 'question C', 5);
INSERT INTO wasGiven (userID, sname, completed) VALUES (1095, 'test survey v2', NULL);
INSERT INTO wasGiven (userID, sname, completed) VALUES (1096, 'test survey v2', '2021-01-02 23:27:52');
INSERT INTO responded (userID, label, scaleValUserIn) VALUES (1096, 'question A', 1);
INSERT INTO responded (userID, label, scaleValUserIn) VALUES (1096, 'question B', 4);
INSERT INTO responded (userID, label, scaleValUserIn) VALUES (1096, 'question C', 2);
INSERT INTO wasGiven (userID, sname, completed) VALUES (1097, 'test survey v2', '2021-01-03 08:39:37');
INSERT INTO responded (userID, label, scaleValUserIn) VALUES (1097, 'question A', 3);
INSERT INTO responded (userID, label, scaleValUserIn) VALUES (1097, 'question B', 5);
INSERT INTO responded (userID, label, scaleValUserIn) VALUES (1097, 'question C', 3);
INSERT INTO wasGiven (userID, sname, completed) VALUES (1098, 'test survey v2', '2021-01-10 11:17:50');
INSERT INTO responded (userID, label, scaleValUserIn) VALUES (1098, 'question A', 3);
INSERT INTO responded (userID, label, scaleValUserIn) VALUES (1098, 'question B', 4);
INSERT INTO responded (userID, label, scaleValUserIn) VALUES (1098, 'question C', 2);
INSERT INTO wasGiven (userID, sname, completed) VALUES (1099, 'test survey v2', NULL);
INSERT INTO survey (sname, created) VALUES ('test survey_2', '2021-01-01 00:00:00');
INSERT INTO question (label, ordinal, sname) VALUES ('q A', 1,'test survey_2');
INSERT INTO question (label, ordinal, sname) VALUES ('q B', 2,'test survey_2');
INSERT INTO question (label, ordinal, sname) VALUES ('q C', 3,'test survey_2');
INSERT INTO wasGiven (userID, sname, completed) VALUES (1000, 'test survey_2', '2021-01-05 02:23:44');
INSERT INTO responded (userID, label, scaleValUserIn) VALUES (1000, 'q A', 4);
INSERT INTO responded (userID, label, scaleValUserIn) VALUES (1000, 'q B', 1);
INSERT INTO responded (userID, label, scaleValUserIn) VALUES (1000, 'q C', 3);
INSERT INTO wasGiven (userID, sname, completed) VALUES (1001, 'test survey_2', NULL);
INSERT INTO wasGiven (userID, sname, completed) VALUES (1002, 'test survey_2', NULL);
INSERT INTO wasGiven (userID, sname, completed) VALUES (1003, 'test survey_2', '2021-01-08 04:38:56');
INSERT INTO responded (userID, label, scaleValUserIn) VALUES (1003, 'q A', 5);
INSERT INTO responded (userID, label, scaleValUserIn) VALUES (1003, 'q B', 2);
INSERT INTO responded (userID, label, scaleValUserIn) VALUES (1003, 'q C', 5);
INSERT INTO wasGiven (userID, sname, completed) VALUES (1004, 'test survey_2', '2021-01-03 18:46:06');
INSERT INTO responded (userID, label, scaleValUserIn) VALUES (1004, 'q A', 3);
INSERT INTO responded (userID, label, scaleValUserIn) VALUES (1004, 'q B', 3);
INSERT INTO responded (userID, label, scaleValUserIn) VALUES (1004, 'q C', 5);
INSERT INTO wasGiven (userID, sname, completed) VALUES (1005, 'test survey_2', '2021-01-09 08:36:57');
INSERT INTO responded (userID, label, scaleValUserIn) VALUES (1005, 'q A', 5);
INSERT INTO responded (userID, label, scaleValUserIn) VALUES (1005, 'q B', 5);
INSERT INTO responded (userID, label, scaleValUserIn) VALUES (1005, 'q C', 2);
INSERT INTO wasGiven (userID, sname, completed) VALUES (1006, 'test survey_2', '2021-01-01 09:45:42');
INSERT INTO responded (userID, label, scaleValUserIn) VALUES (1006, 'q A', 4);
INSERT INTO responded (userID, label, scaleValUserIn) VALUES (1006, 'q B', 4);
INSERT INTO responded (userID, label, scaleValUserIn) VALUES (1006, 'q C', 4);
INSERT INTO wasGiven (userID, sname, completed) VALUES (1007, 'test survey_2', '2021-01-02 16:31:39');
INSERT INTO responded (userID, label, scaleValUserIn) VALUES (1007, 'q A', 5);
INSERT INTO responded (userID, label, scaleValUserIn) VALUES (1007, 'q B', 5);
INSERT INTO responded (userID, label, scaleValUserIn) VALUES (1007, 'q C', 2);
INSERT INTO wasGiven (userID, sname, completed) VALUES (1008, 'test survey_2', NULL);
INSERT INTO wasGiven (userID, sname, completed) VALUES (1009, 'test survey_2', NULL);
INSERT INTO wasGiven (userID, sname, completed) VALUES (1010, 'test survey_2', '2021-01-03 15:44:40');
INSERT INTO responded (userID, label, scaleValUserIn) VALUES (1010, 'q A', 5);
INSERT INTO responded (userID, label, scaleValUserIn) VALUES (1010, 'q B', 3);
INSERT INTO responded (userID, label, scaleValUserIn) VALUES (1010, 'q C', 5);
INSERT INTO wasGiven (userID, sname, completed) VALUES (1011, 'test survey_2', '2021-01-01 07:24:38');
INSERT INTO responded (userID, label, scaleValUserIn) VALUES (1011, 'q A', 2);
INSERT INTO responded (userID, label, scaleValUserIn) VALUES (1011, 'q B', 4);
INSERT INTO responded (userID, label, scaleValUserIn) VALUES (1011, 'q C', 4);
INSERT INTO wasGiven (userID, sname, completed) VALUES (1012, 'test survey_2', '2021-01-10 14:53:52');
INSERT INTO responded (userID, label, scaleValUserIn) VALUES (1012, 'q A', 3);
INSERT INTO responded (userID, label, scaleValUserIn) VALUES (1012, 'q B', 5);
INSERT INTO responded (userID, label, scaleValUserIn) VALUES (1012, 'q C', 5);
INSERT INTO wasGiven (userID, sname, completed) VALUES (1013, 'test survey_2', '2021-01-03 20:12:15');
INSERT INTO responded (userID, label, scaleValUserIn) VALUES (1013, 'q A', 4);
INSERT INTO responded (userID, label, scaleValUserIn) VALUES (1013, 'q B', 1);
INSERT INTO responded (userID, label, scaleValUserIn) VALUES (1013, 'q C', 2);
INSERT INTO wasGiven (userID, sname, completed) VALUES (1014, 'test survey_2', '2021-01-01 17:28:32');
INSERT INTO responded (userID, label, scaleValUserIn) VALUES (1014, 'q A', 3);
INSERT INTO responded (userID, label, scaleValUserIn) VALUES (1014, 'q B', 5);
INSERT INTO responded (userID, label, scaleValUserIn) VALUES (1014, 'q C', 5);
INSERT INTO wasGiven (userID, sname, completed) VALUES (1015, 'test survey_2', '2021-01-07 06:38:33');
INSERT INTO responded (userID, label, scaleValUserIn) VALUES (1015, 'q A', 3);
INSERT INTO responded (userID, label, scaleValUserIn) VALUES (1015, 'q B', 3);
INSERT INTO responded (userID, label, scaleValUserIn) VALUES (1015, 'q C', 5);
INSERT INTO wasGiven (userID, sname, completed) VALUES (1016, 'test survey_2', NULL);
INSERT INTO wasGiven (userID, sname, completed) VALUES (1017, 'test survey_2', '2021-01-11 20:31:28');
INSERT INTO responded (userID, label, scaleValUserIn) VALUES (1017, 'q A', 3);
INSERT INTO responded (userID, label, scaleValUserIn) VALUES (1017, 'q B', 2);
INSERT INTO responded (userID, label, scaleValUserIn) VALUES (1017, 'q C', 3);
INSERT INTO wasGiven (userID, sname, completed) VALUES (1018, 'test survey_2', '2021-01-04 21:01:29');
INSERT INTO responded (userID, label, scaleValUserIn) VALUES (1018, 'q A', 3);
INSERT INTO responded (userID, label, scaleValUserIn) VALUES (1018, 'q B', 5);
INSERT INTO responded (userID, label, scaleValUserIn) VALUES (1018, 'q C', 5);
INSERT INTO wasGiven (userID, sname, completed) VALUES (1019, 'test survey_2', '2021-01-09 05:17:23');
INSERT INTO responded (userID, label, scaleValUserIn) VALUES (1019, 'q A', 1);
INSERT INTO responded (userID, label, scaleValUserIn) VALUES (1019, 'q B', 1);
INSERT INTO responded (userID, label, scaleValUserIn) VALUES (1019, 'q C', 3);
INSERT INTO wasGiven (userID, sname, completed) VALUES (1020, 'test survey_2', '2021-01-11 13:36:13');
INSERT INTO responded (userID, label, scaleValUserIn) VALUES (1020, 'q A', 4);
INSERT INTO responded (userID, label, scaleValUserIn) VALUES (1020, 'q B', 5);
INSERT INTO responded (userID, label, scaleValUserIn) VALUES (1020, 'q C', 5);
INSERT INTO wasGiven (userID, sname, completed) VALUES (1021, 'test survey_2', '2021-01-02 04:19:20');
INSERT INTO responded (userID, label, scaleValUserIn) VALUES (1021, 'q A', 4);
INSERT INTO responded (userID, label, scaleValUserIn) VALUES (1021, 'q B', 2);
INSERT INTO responded (userID, label, scaleValUserIn) VALUES (1021, 'q C', 4);
INSERT INTO wasGiven (userID, sname, completed) VALUES (1022, 'test survey_2', '2021-01-11 15:15:35');
INSERT INTO responded (userID, label, scaleValUserIn) VALUES (1022, 'q A', 2);
INSERT INTO responded (userID, label, scaleValUserIn) VALUES (1022, 'q B', 4);
INSERT INTO responded (userID, label, scaleValUserIn) VALUES (1022, 'q C', 3);
INSERT INTO wasGiven (userID, sname, completed) VALUES (1023, 'test survey_2', '2021-01-05 20:04:34');
INSERT INTO responded (userID, label, scaleValUserIn) VALUES (1023, 'q A', 5);
INSERT INTO responded (userID, label, scaleValUserIn) VALUES (1023, 'q B', 5);
INSERT INTO responded (userID, label, scaleValUserIn) VALUES (1023, 'q C', 4);
INSERT INTO wasGiven (userID, sname, completed) VALUES (1024, 'test survey_2', NULL);
INSERT INTO wasGiven (userID, sname, completed) VALUES (1025, 'test survey_2', NULL);
INSERT INTO wasGiven (userID, sname, completed) VALUES (1026, 'test survey_2', NULL);
INSERT INTO wasGiven (userID, sname, completed) VALUES (1027, 'test survey_2', '2021-01-11 09:12:24');
INSERT INTO responded (userID, label, scaleValUserIn) VALUES (1027, 'q A', 1);
INSERT INTO responded (userID, label, scaleValUserIn) VALUES (1027, 'q B', 3);
INSERT INTO responded (userID, label, scaleValUserIn) VALUES (1027, 'q C', 4);
INSERT INTO wasGiven (userID, sname, completed) VALUES (1028, 'test survey_2', '2021-01-05 08:00:59');
INSERT INTO responded (userID, label, scaleValUserIn) VALUES (1028, 'q A', 4);
INSERT INTO responded (userID, label, scaleValUserIn) VALUES (1028, 'q B', 1);
INSERT INTO responded (userID, label, scaleValUserIn) VALUES (1028, 'q C', 1);
INSERT INTO wasGiven (userID, sname, completed) VALUES (1029, 'test survey_2', NULL);
INSERT INTO wasGiven (userID, sname, completed) VALUES (1030, 'test survey_2', '2021-01-07 15:55:57');
INSERT INTO responded (userID, label, scaleValUserIn) VALUES (1030, 'q A', 2);
INSERT INTO responded (userID, label, scaleValUserIn) VALUES (1030, 'q B', 2);
INSERT INTO responded (userID, label, scaleValUserIn) VALUES (1030, 'q C', 4);
INSERT INTO wasGiven (userID, sname, completed) VALUES (1031, 'test survey_2', '2021-01-01 19:03:44');
INSERT INTO responded (userID, label, scaleValUserIn) VALUES (1031, 'q A', 1);
INSERT INTO responded (userID, label, scaleValUserIn) VALUES (1031, 'q B', 4);
INSERT INTO responded (userID, label, scaleValUserIn) VALUES (1031, 'q C', 1);
INSERT INTO wasGiven (userID, sname, completed) VALUES (1032, 'test survey_2', NULL);
INSERT INTO wasGiven (userID, sname, completed) VALUES (1033, 'test survey_2', NULL);
INSERT INTO wasGiven (userID, sname, completed) VALUES (1034, 'test survey_2', NULL);
INSERT INTO wasGiven (userID, sname, completed) VALUES (1035, 'test survey_2', NULL);
INSERT INTO wasGiven (userID, sname, completed) VALUES (1036, 'test survey_2', '2021-01-05 04:29:45');
INSERT INTO responded (userID, label, scaleValUserIn) VALUES (1036, 'q A', 2);
INSERT INTO responded (userID, label, scaleValUserIn) VALUES (1036, 'q B', 3);
INSERT INTO responded (userID, label, scaleValUserIn) VALUES (1036, 'q C', 1);
INSERT INTO wasGiven (userID, sname, completed) VALUES (1037, 'test survey_2', NULL);
INSERT INTO wasGiven (userID, sname, completed) VALUES (1038, 'test survey_2', '2021-01-03 00:39:18');
INSERT INTO responded (userID, label, scaleValUserIn) VALUES (1038, 'q A', 4);
INSERT INTO responded (userID, label, scaleValUserIn) VALUES (1038, 'q B', 5);
INSERT INTO responded (userID, label, scaleValUserIn) VALUES (1038, 'q C', 3);
INSERT INTO wasGiven (userID, sname, completed) VALUES (1039, 'test survey_2', '2021-01-04 15:57:18');
INSERT INTO responded (userID, label, scaleValUserIn) VALUES (1039, 'q A', 4);
INSERT INTO responded (userID, label, scaleValUserIn) VALUES (1039, 'q B', 5);
INSERT INTO responded (userID, label, scaleValUserIn) VALUES (1039, 'q C', 5);
INSERT INTO survey (sname, created) VALUES ('test survey_3', '2021-01-01 00:00:00');
INSERT INTO question (label, ordinal, sname) VALUES ('q_ A', 1,'test survey_3');
INSERT INTO question (label, ordinal, sname) VALUES ('q_ B', 2,'test survey_3');
INSERT INTO question (label, ordinal, sname) VALUES ('q_ C', 3,'test survey_3');
INSERT INTO wasGiven (userID, sname, completed) VALUES (1000, 'test survey_3', '2021-01-06 04:00:22');
INSERT INTO responded (userID, label, scaleValUserIn) VALUES (1000, 'q_ A', 2);
INSERT INTO responded (userID, label, scaleValUserIn) VALUES (1000, 'q_ B', 5);
INSERT INTO responded (userID, label, scaleValUserIn) VALUES (1000, 'q_ C', 3);
INSERT INTO wasGiven (userID, sname, completed) VALUES (1001, 'test survey_3', NULL);
INSERT INTO wasGiven (userID, sname, completed) VALUES (1002, 'test survey_3', '2021-01-06 08:57:58');
INSERT INTO responded (userID, label, scaleValUserIn) VALUES (1002, 'q_ A', 5);
INSERT INTO responded (userID, label, scaleValUserIn) VALUES (1002, 'q_ B', 5);
INSERT INTO responded (userID, label, scaleValUserIn) VALUES (1002, 'q_ C', 5);
INSERT INTO wasGiven (userID, sname, completed) VALUES (1003, 'test survey_3', '2021-01-09 05:39:50');
INSERT INTO responded (userID, label, scaleValUserIn) VALUES (1003, 'q_ A', 1);
INSERT INTO responded (userID, label, scaleValUserIn) VALUES (1003, 'q_ B', 4);
INSERT INTO responded (userID, label, scaleValUserIn) VALUES (1003, 'q_ C', 1);
INSERT INTO wasGiven (userID, sname, completed) VALUES (1004, 'test survey_3', NULL);
INSERT INTO wasGiven (userID, sname, completed) VALUES (1005, 'test survey_3', NULL);
INSERT INTO wasGiven (userID, sname, completed) VALUES (1006, 'test survey_3', NULL);
INSERT INTO wasGiven (userID, sname, completed) VALUES (1007, 'test survey_3', '2021-01-07 02:47:50');
INSERT INTO responded (userID, label, scaleValUserIn) VALUES (1007, 'q_ A', 5);
INSERT INTO responded (userID, label, scaleValUserIn) VALUES (1007, 'q_ B', 2);
INSERT INTO responded (userID, label, scaleValUserIn) VALUES (1007, 'q_ C', 2);
INSERT INTO wasGiven (userID, sname, completed) VALUES (1008, 'test survey_3', NULL);
INSERT INTO wasGiven (userID, sname, completed) VALUES (1009, 'test survey_3', '2021-01-10 15:13:37');
INSERT INTO responded (userID, label, scaleValUserIn) VALUES (1009, 'q_ A', 5);
INSERT INTO responded (userID, label, scaleValUserIn) VALUES (1009, 'q_ B', 4);
INSERT INTO responded (userID, label, scaleValUserIn) VALUES (1009, 'q_ C', 4);
INSERT INTO wasGiven (userID, sname, completed) VALUES (1010, 'test survey_3', '2021-01-04 22:38:53');
INSERT INTO responded (userID, label, scaleValUserIn) VALUES (1010, 'q_ A', 3);
INSERT INTO responded (userID, label, scaleValUserIn) VALUES (1010, 'q_ B', 5);
INSERT INTO responded (userID, label, scaleValUserIn) VALUES (1010, 'q_ C', 5);
INSERT INTO wasGiven (userID, sname, completed) VALUES (1011, 'test survey_3', '2021-01-06 01:57:43');
INSERT INTO responded (userID, label, scaleValUserIn) VALUES (1011, 'q_ A', 2);
INSERT INTO responded (userID, label, scaleValUserIn) VALUES (1011, 'q_ B', 4);
INSERT INTO responded (userID, label, scaleValUserIn) VALUES (1011, 'q_ C', 4);
INSERT INTO wasGiven (userID, sname, completed) VALUES (1012, 'test survey_3', '2021-01-01 06:28:23');
INSERT INTO responded (userID, label, scaleValUserIn) VALUES (1012, 'q_ A', 4);
INSERT INTO responded (userID, label, scaleValUserIn) VALUES (1012, 'q_ B', 3);
INSERT INTO responded (userID, label, scaleValUserIn) VALUES (1012, 'q_ C', 2);
INSERT INTO wasGiven (userID, sname, completed) VALUES (1013, 'test survey_3', '2021-01-11 05:56:50');
INSERT INTO responded (userID, label, scaleValUserIn) VALUES (1013, 'q_ A', 5);
INSERT INTO responded (userID, label, scaleValUserIn) VALUES (1013, 'q_ B', 5);
INSERT INTO responded (userID, label, scaleValUserIn) VALUES (1013, 'q_ C', 3);
INSERT INTO wasGiven (userID, sname, completed) VALUES (1014, 'test survey_3', '2021-01-08 04:05:32');
INSERT INTO responded (userID, label, scaleValUserIn) VALUES (1014, 'q_ A', 2);
INSERT INTO responded (userID, label, scaleValUserIn) VALUES (1014, 'q_ B', 3);
INSERT INTO responded (userID, label, scaleValUserIn) VALUES (1014, 'q_ C', 3);
INSERT INTO wasGiven (userID, sname, completed) VALUES (1015, 'test survey_3', '2021-01-04 18:06:23');
INSERT INTO responded (userID, label, scaleValUserIn) VALUES (1015, 'q_ A', 4);
INSERT INTO responded (userID, label, scaleValUserIn) VALUES (1015, 'q_ B', 2);
INSERT INTO responded (userID, label, scaleValUserIn) VALUES (1015, 'q_ C', 3);
INSERT INTO wasGiven (userID, sname, completed) VALUES (1016, 'test survey_3', '2021-01-11 01:14:38');
INSERT INTO responded (userID, label, scaleValUserIn) VALUES (1016, 'q_ A', 1);
INSERT INTO responded (userID, label, scaleValUserIn) VALUES (1016, 'q_ B', 4);
INSERT INTO responded (userID, label, scaleValUserIn) VALUES (1016, 'q_ C', 5);
INSERT INTO wasGiven (userID, sname, completed) VALUES (1017, 'test survey_3', '2021-01-07 02:41:28');
INSERT INTO responded (userID, label, scaleValUserIn) VALUES (1017, 'q_ A', 2);
INSERT INTO responded (userID, label, scaleValUserIn) VALUES (1017, 'q_ B', 5);
INSERT INTO responded (userID, label, scaleValUserIn) VALUES (1017, 'q_ C', 5);
INSERT INTO wasGiven (userID, sname, completed) VALUES (1018, 'test survey_3', '2021-01-03 18:28:15');
INSERT INTO responded (userID, label, scaleValUserIn) VALUES (1018, 'q_ A', 2);
INSERT INTO responded (userID, label, scaleValUserIn) VALUES (1018, 'q_ B', 5);
INSERT INTO responded (userID, label, scaleValUserIn) VALUES (1018, 'q_ C', 5);
INSERT INTO wasGiven (userID, sname, completed) VALUES (1019, 'test survey_3', '2021-01-05 18:28:49');
INSERT INTO responded (userID, label, scaleValUserIn) VALUES (1019, 'q_ A', 4);
INSERT INTO responded (userID, label, scaleValUserIn) VALUES (1019, 'q_ B', 5);
INSERT INTO responded (userID, label, scaleValUserIn) VALUES (1019, 'q_ C', 5);
INSERT INTO wasGiven (userID, sname, completed) VALUES (1020, 'test survey_3', '2021-01-04 18:42:00');
INSERT INTO responded (userID, label, scaleValUserIn) VALUES (1020, 'q_ A', 3);
INSERT INTO responded (userID, label, scaleValUserIn) VALUES (1020, 'q_ B', 2);
INSERT INTO responded (userID, label, scaleValUserIn) VALUES (1020, 'q_ C', 2);
INSERT INTO wasGiven (userID, sname, completed) VALUES (1021, 'test survey_3', '2021-01-01 07:40:02');
INSERT INTO responded (userID, label, scaleValUserIn) VALUES (1021, 'q_ A', 5);
INSERT INTO responded (userID, label, scaleValUserIn) VALUES (1021, 'q_ B', 5);
INSERT INTO responded (userID, label, scaleValUserIn) VALUES (1021, 'q_ C', 2);
INSERT INTO wasGiven (userID, sname, completed) VALUES (1022, 'test survey_3', '2021-01-01 19:17:56');
INSERT INTO responded (userID, label, scaleValUserIn) VALUES (1022, 'q_ A', 4);
INSERT INTO responded (userID, label, scaleValUserIn) VALUES (1022, 'q_ B', 2);
INSERT INTO responded (userID, label, scaleValUserIn) VALUES (1022, 'q_ C', 5);
INSERT INTO wasGiven (userID, sname, completed) VALUES (1023, 'test survey_3', NULL);
INSERT INTO wasGiven (userID, sname, completed) VALUES (1024, 'test survey_3', '2021-01-01 01:34:19');
INSERT INTO responded (userID, label, scaleValUserIn) VALUES (1024, 'q_ A', 2);
INSERT INTO responded (userID, label, scaleValUserIn) VALUES (1024, 'q_ B', 5);
INSERT INTO responded (userID, label, scaleValUserIn) VALUES (1024, 'q_ C', 3);
INSERT INTO wasGiven (userID, sname, completed) VALUES (1025, 'test survey_3', '2021-01-11 03:28:48');
INSERT INTO responded (userID, label, scaleValUserIn) VALUES (1025, 'q_ A', 1);
INSERT INTO responded (userID, label, scaleValUserIn) VALUES (1025, 'q_ B', 4);
INSERT INTO responded (userID, label, scaleValUserIn) VALUES (1025, 'q_ C', 1);
INSERT INTO wasGiven (userID, sname, completed) VALUES (1026, 'test survey_3', '2021-01-11 05:34:02');
INSERT INTO responded (userID, label, scaleValUserIn) VALUES (1026, 'q_ A', 3);
INSERT INTO responded (userID, label, scaleValUserIn) VALUES (1026, 'q_ B', 5);
INSERT INTO responded (userID, label, scaleValUserIn) VALUES (1026, 'q_ C', 4);
INSERT INTO wasGiven (userID, sname, completed) VALUES (1027, 'test survey_3', '2021-01-02 16:17:20');
INSERT INTO responded (userID, label, scaleValUserIn) VALUES (1027, 'q_ A', 1);
INSERT INTO responded (userID, label, scaleValUserIn) VALUES (1027, 'q_ B', 4);
INSERT INTO responded (userID, label, scaleValUserIn) VALUES (1027, 'q_ C', 2);
INSERT INTO wasGiven (userID, sname, completed) VALUES (1028, 'test survey_3', '2021-01-05 22:01:10');
INSERT INTO responded (userID, label, scaleValUserIn) VALUES (1028, 'q_ A', 4);
INSERT INTO responded (userID, label, scaleValUserIn) VALUES (1028, 'q_ B', 3);
INSERT INTO responded (userID, label, scaleValUserIn) VALUES (1028, 'q_ C', 4);
INSERT INTO wasGiven (userID, sname, completed) VALUES (1029, 'test survey_3', NULL);
INSERT INTO wasGiven (userID, sname, completed) VALUES (1030, 'test survey_3', '2021-01-11 20:01:16');
INSERT INTO responded (userID, label, scaleValUserIn) VALUES (1030, 'q_ A', 3);
INSERT INTO responded (userID, label, scaleValUserIn) VALUES (1030, 'q_ B', 4);
INSERT INTO responded (userID, label, scaleValUserIn) VALUES (1030, 'q_ C', 4);
INSERT INTO wasGiven (userID, sname, completed) VALUES (1031, 'test survey_3', '2021-01-10 07:48:57');
INSERT INTO responded (userID, label, scaleValUserIn) VALUES (1031, 'q_ A', 4);
INSERT INTO responded (userID, label, scaleValUserIn) VALUES (1031, 'q_ B', 5);
INSERT INTO responded (userID, label, scaleValUserIn) VALUES (1031, 'q_ C', 5);
INSERT INTO wasGiven (userID, sname, completed) VALUES (1032, 'test survey_3', NULL);
INSERT INTO wasGiven (userID, sname, completed) VALUES (1033, 'test survey_3', '2021-01-08 16:36:19');
INSERT INTO responded (userID, label, scaleValUserIn) VALUES (1033, 'q_ A', 3);
INSERT INTO responded (userID, label, scaleValUserIn) VALUES (1033, 'q_ B', 3);
INSERT INTO responded (userID, label, scaleValUserIn) VALUES (1033, 'q_ C', 1);
INSERT INTO wasGiven (userID, sname, completed) VALUES (1034, 'test survey_3', NULL);
INSERT INTO wasGiven (userID, sname, completed) VALUES (1035, 'test survey_3', '2021-01-08 03:47:21');
INSERT INTO responded (userID, label, scaleValUserIn) VALUES (1035, 'q_ A', 2);
INSERT INTO responded (userID, label, scaleValUserIn) VALUES (1035, 'q_ B', 4);
INSERT INTO responded (userID, label, scaleValUserIn) VALUES (1035, 'q_ C', 1);
INSERT INTO wasGiven (userID, sname, completed) VALUES (1036, 'test survey_3', '2021-01-05 20:34:41');
INSERT INTO responded (userID, label, scaleValUserIn) VALUES (1036, 'q_ A', 2);
INSERT INTO responded (userID, label, scaleValUserIn) VALUES (1036, 'q_ B', 2);
INSERT INTO responded (userID, label, scaleValUserIn) VALUES (1036, 'q_ C', 3);
INSERT INTO wasGiven (userID, sname, completed) VALUES (1037, 'test survey_3', NULL);
INSERT INTO wasGiven (userID, sname, completed) VALUES (1038, 'test survey_3', '2021-01-09 13:56:56');
INSERT INTO responded (userID, label, scaleValUserIn) VALUES (1038, 'q_ A', 5);
INSERT INTO responded (userID, label, scaleValUserIn) VALUES (1038, 'q_ B', 5);
INSERT INTO responded (userID, label, scaleValUserIn) VALUES (1038, 'q_ C', 5);
INSERT INTO wasGiven (userID, sname, completed) VALUES (1039, 'test survey_3', '2021-01-11 13:00:39');
INSERT INTO responded (userID, label, scaleValUserIn) VALUES (1039, 'q_ A', 3);
INSERT INTO responded (userID, label, scaleValUserIn) VALUES (1039, 'q_ B', 3);
INSERT INTO responded (userID, label, scaleValUserIn) VALUES (1039, 'q_ C', 2);
INSERT INTO wasGiven (userID, sname, completed) VALUES (1040, 'test survey_3', NULL);
INSERT INTO wasGiven (userID, sname, completed) VALUES (1041, 'test survey_3', NULL);
INSERT INTO wasGiven (userID, sname, completed) VALUES (1042, 'test survey_3', NULL);
INSERT INTO wasGiven (userID, sname, completed) VALUES (1043, 'test survey_3', '2021-01-11 10:50:27');
INSERT INTO responded (userID, label, scaleValUserIn) VALUES (1043, 'q_ A', 3);
INSERT INTO responded (userID, label, scaleValUserIn) VALUES (1043, 'q_ B', 3);
INSERT INTO responded (userID, label, scaleValUserIn) VALUES (1043, 'q_ C', 1);
INSERT INTO wasGiven (userID, sname, completed) VALUES (1044, 'test survey_3', '2021-01-01 11:44:10');
INSERT INTO responded (userID, label, scaleValUserIn) VALUES (1044, 'q_ A', 2);
INSERT INTO responded (userID, label, scaleValUserIn) VALUES (1044, 'q_ B', 2);
INSERT INTO responded (userID, label, scaleValUserIn) VALUES (1044, 'q_ C', 3);
INSERT INTO wasGiven (userID, sname, completed) VALUES (1045, 'test survey_3', '2021-01-05 09:10:20');
INSERT INTO responded (userID, label, scaleValUserIn) VALUES (1045, 'q_ A', 1);
INSERT INTO responded (userID, label, scaleValUserIn) VALUES (1045, 'q_ B', 1);
INSERT INTO responded (userID, label, scaleValUserIn) VALUES (1045, 'q_ C', 1);
INSERT INTO wasGiven (userID, sname, completed) VALUES (1046, 'test survey_3', '2021-01-07 06:55:07');
INSERT INTO responded (userID, label, scaleValUserIn) VALUES (1046, 'q_ A', 1);
INSERT INTO responded (userID, label, scaleValUserIn) VALUES (1046, 'q_ B', 2);
INSERT INTO responded (userID, label, scaleValUserIn) VALUES (1046, 'q_ C', 4);
INSERT INTO wasGiven (userID, sname, completed) VALUES (1047, 'test survey_3', NULL);
INSERT INTO wasGiven (userID, sname, completed) VALUES (1048, 'test survey_3', '2021-01-03 22:40:21');
INSERT INTO responded (userID, label, scaleValUserIn) VALUES (1048, 'q_ A', 3);
INSERT INTO responded (userID, label, scaleValUserIn) VALUES (1048, 'q_ B', 2);
INSERT INTO responded (userID, label, scaleValUserIn) VALUES (1048, 'q_ C', 2);
INSERT INTO wasGiven (userID, sname, completed) VALUES (1049, 'test survey_3', NULL);
INSERT INTO wasGiven (userID, sname, completed) VALUES (1050, 'test survey_3', '2021-01-01 00:01:24');
INSERT INTO responded (userID, label, scaleValUserIn) VALUES (1050, 'q_ A', 5);
INSERT INTO responded (userID, label, scaleValUserIn) VALUES (1050, 'q_ B', 4);
INSERT INTO responded (userID, label, scaleValUserIn) VALUES (1050, 'q_ C', 5);
INSERT INTO wasGiven (userID, sname, completed) VALUES (1051, 'test survey_3', NULL);
INSERT INTO wasGiven (userID, sname, completed) VALUES (1052, 'test survey_3', NULL);
INSERT INTO wasGiven (userID, sname, completed) VALUES (1053, 'test survey_3', '2021-01-06 17:10:03');
INSERT INTO responded (userID, label, scaleValUserIn) VALUES (1053, 'q_ A', 2);
INSERT INTO responded (userID, label, scaleValUserIn) VALUES (1053, 'q_ B', 3);
INSERT INTO responded (userID, label, scaleValUserIn) VALUES (1053, 'q_ C', 5);
INSERT INTO wasGiven (userID, sname, completed) VALUES (1054, 'test survey_3', '2021-01-10 13:42:06');
INSERT INTO responded (userID, label, scaleValUserIn) VALUES (1054, 'q_ A', 5);
INSERT INTO responded (userID, label, scaleValUserIn) VALUES (1054, 'q_ B', 5);
INSERT INTO responded (userID, label, scaleValUserIn) VALUES (1054, 'q_ C', 4);
INSERT INTO wasGiven (userID, sname, completed) VALUES (1055, 'test survey_3', '2021-01-02 18:37:31');
INSERT INTO responded (userID, label, scaleValUserIn) VALUES (1055, 'q_ A', 1);
INSERT INTO responded (userID, label, scaleValUserIn) VALUES (1055, 'q_ B', 2);
INSERT INTO responded (userID, label, scaleValUserIn) VALUES (1055, 'q_ C', 4);
INSERT INTO wasGiven (userID, sname, completed) VALUES (1056, 'test survey_3', '2021-01-10 18:05:51');
INSERT INTO responded (userID, label, scaleValUserIn) VALUES (1056, 'q_ A', 3);
INSERT INTO responded (userID, label, scaleValUserIn) VALUES (1056, 'q_ B', 2);
INSERT INTO responded (userID, label, scaleValUserIn) VALUES (1056, 'q_ C', 1);
INSERT INTO wasGiven (userID, sname, completed) VALUES (1057, 'test survey_3', NULL);
INSERT INTO wasGiven (userID, sname, completed) VALUES (1058, 'test survey_3', '2021-01-10 20:40:11');
INSERT INTO responded (userID, label, scaleValUserIn) VALUES (1058, 'q_ A', 4);
INSERT INTO responded (userID, label, scaleValUserIn) VALUES (1058, 'q_ B', 5);
INSERT INTO responded (userID, label, scaleValUserIn) VALUES (1058, 'q_ C', 2);
INSERT INTO wasGiven (userID, sname, completed) VALUES (1059, 'test survey_3', '2021-01-04 03:12:37');
INSERT INTO responded (userID, label, scaleValUserIn) VALUES (1059, 'q_ A', 2);
INSERT INTO responded (userID, label, scaleValUserIn) VALUES (1059, 'q_ B', 1);
INSERT INTO responded (userID, label, scaleValUserIn) VALUES (1059, 'q_ C', 4);
INSERT INTO wasGiven (userID, sname, completed) VALUES (1060, 'test survey_3', NULL);
INSERT INTO wasGiven (userID, sname, completed) VALUES (1061, 'test survey_3', NULL);
INSERT INTO wasGiven (userID, sname, completed) VALUES (1062, 'test survey_3', NULL);
INSERT INTO wasGiven (userID, sname, completed) VALUES (1063, 'test survey_3', '2021-01-06 08:04:49');
INSERT INTO responded (userID, label, scaleValUserIn) VALUES (1063, 'q_ A', 5);
INSERT INTO responded (userID, label, scaleValUserIn) VALUES (1063, 'q_ B', 2);
INSERT INTO responded (userID, label, scaleValUserIn) VALUES (1063, 'q_ C', 2);
INSERT INTO wasGiven (userID, sname, completed) VALUES (1064, 'test survey_3', '2021-01-03 21:59:06');
INSERT INTO responded (userID, label, scaleValUserIn) VALUES (1064, 'q_ A', 4);
INSERT INTO responded (userID, label, scaleValUserIn) VALUES (1064, 'q_ B', 3);
INSERT INTO responded (userID, label, scaleValUserIn) VALUES (1064, 'q_ C', 5);
INSERT INTO wasGiven (userID, sname, completed) VALUES (1065, 'test survey_3', '2021-01-03 10:03:42');
INSERT INTO responded (userID, label, scaleValUserIn) VALUES (1065, 'q_ A', 5);
INSERT INTO responded (userID, label, scaleValUserIn) VALUES (1065, 'q_ B', 2);
INSERT INTO responded (userID, label, scaleValUserIn) VALUES (1065, 'q_ C', 5);
INSERT INTO wasGiven (userID, sname, completed) VALUES (1066, 'test survey_3', '2021-01-02 12:50:44');
INSERT INTO responded (userID, label, scaleValUserIn) VALUES (1066, 'q_ A', 2);
INSERT INTO responded (userID, label, scaleValUserIn) VALUES (1066, 'q_ B', 5);
INSERT INTO responded (userID, label, scaleValUserIn) VALUES (1066, 'q_ C', 3);
INSERT INTO wasGiven (userID, sname, completed) VALUES (1067, 'test survey_3', '2021-01-01 21:17:34');
INSERT INTO responded (userID, label, scaleValUserIn) VALUES (1067, 'q_ A', 3);
INSERT INTO responded (userID, label, scaleValUserIn) VALUES (1067, 'q_ B', 3);
INSERT INTO responded (userID, label, scaleValUserIn) VALUES (1067, 'q_ C', 3);
INSERT INTO wasGiven (userID, sname, completed) VALUES (1068, 'test survey_3', '2021-01-11 00:33:36');
INSERT INTO responded (userID, label, scaleValUserIn) VALUES (1068, 'q_ A', 5);
INSERT INTO responded (userID, label, scaleValUserIn) VALUES (1068, 'q_ B', 5);
INSERT INTO responded (userID, label, scaleValUserIn) VALUES (1068, 'q_ C', 4);
INSERT INTO wasGiven (userID, sname, completed) VALUES (1069, 'test survey_3', '2021-01-03 17:02:52');
INSERT INTO responded (userID, label, scaleValUserIn) VALUES (1069, 'q_ A', 5);
INSERT INTO responded (userID, label, scaleValUserIn) VALUES (1069, 'q_ B', 5);
INSERT INTO responded (userID, label, scaleValUserIn) VALUES (1069, 'q_ C', 3);
INSERT INTO wasGiven (userID, sname, completed) VALUES (1070, 'test survey_3', '2021-01-06 06:08:31');
INSERT INTO responded (userID, label, scaleValUserIn) VALUES (1070, 'q_ A', 5);
INSERT INTO responded (userID, label, scaleValUserIn) VALUES (1070, 'q_ B', 4);
INSERT INTO responded (userID, label, scaleValUserIn) VALUES (1070, 'q_ C', 2);
INSERT INTO wasGiven (userID, sname, completed) VALUES (1071, 'test survey_3', NULL);
INSERT INTO wasGiven (userID, sname, completed) VALUES (1072, 'test survey_3', '2021-01-08 09:54:35');
INSERT INTO responded (userID, label, scaleValUserIn) VALUES (1072, 'q_ A', 4);
INSERT INTO responded (userID, label, scaleValUserIn) VALUES (1072, 'q_ B', 5);
INSERT INTO responded (userID, label, scaleValUserIn) VALUES (1072, 'q_ C', 3);
INSERT INTO wasGiven (userID, sname, completed) VALUES (1073, 'test survey_3', '2021-01-08 18:29:25');
INSERT INTO responded (userID, label, scaleValUserIn) VALUES (1073, 'q_ A', 2);
INSERT INTO responded (userID, label, scaleValUserIn) VALUES (1073, 'q_ B', 2);
INSERT INTO responded (userID, label, scaleValUserIn) VALUES (1073, 'q_ C', 2);
INSERT INTO wasGiven (userID, sname, completed) VALUES (1074, 'test survey_3', '2021-01-01 11:59:35');
INSERT INTO responded (userID, label, scaleValUserIn) VALUES (1074, 'q_ A', 4);
INSERT INTO responded (userID, label, scaleValUserIn) VALUES (1074, 'q_ B', 5);
INSERT INTO responded (userID, label, scaleValUserIn) VALUES (1074, 'q_ C', 5);
INSERT INTO wasGiven (userID, sname, completed) VALUES (1075, 'test survey_3', '2021-01-06 08:41:03');
INSERT INTO responded (userID, label, scaleValUserIn) VALUES (1075, 'q_ A', 3);
INSERT INTO responded (userID, label, scaleValUserIn) VALUES (1075, 'q_ B', 5);
INSERT INTO responded (userID, label, scaleValUserIn) VALUES (1075, 'q_ C', 2);
INSERT INTO wasGiven (userID, sname, completed) VALUES (1076, 'test survey_3', '2021-01-06 07:45:55');
INSERT INTO responded (userID, label, scaleValUserIn) VALUES (1076, 'q_ A', 2);
INSERT INTO responded (userID, label, scaleValUserIn) VALUES (1076, 'q_ B', 5);
INSERT INTO responded (userID, label, scaleValUserIn) VALUES (1076, 'q_ C', 1);
INSERT INTO wasGiven (userID, sname, completed) VALUES (1077, 'test survey_3', '2021-01-06 03:38:16');
INSERT INTO responded (userID, label, scaleValUserIn) VALUES (1077, 'q_ A', 5);
INSERT INTO responded (userID, label, scaleValUserIn) VALUES (1077, 'q_ B', 5);
INSERT INTO responded (userID, label, scaleValUserIn) VALUES (1077, 'q_ C', 5);
INSERT INTO wasGiven (userID, sname, completed) VALUES (1078, 'test survey_3', '2021-01-05 15:54:13');
INSERT INTO responded (userID, label, scaleValUserIn) VALUES (1078, 'q_ A', 3);
INSERT INTO responded (userID, label, scaleValUserIn) VALUES (1078, 'q_ B', 3);
INSERT INTO responded (userID, label, scaleValUserIn) VALUES (1078, 'q_ C', 2);
INSERT INTO wasGiven (userID, sname, completed) VALUES (1079, 'test survey_3', '2021-01-10 17:29:54');
INSERT INTO responded (userID, label, scaleValUserIn) VALUES (1079, 'q_ A', 3);
INSERT INTO responded (userID, label, scaleValUserIn) VALUES (1079, 'q_ B', 1);
INSERT INTO responded (userID, label, scaleValUserIn) VALUES (1079, 'q_ C', 1);
INSERT INTO wasGiven (userID, sname, completed) VALUES (1080, 'test survey_3', '2021-01-02 23:53:52');
INSERT INTO responded (userID, label, scaleValUserIn) VALUES (1080, 'q_ A', 2);
INSERT INTO responded (userID, label, scaleValUserIn) VALUES (1080, 'q_ B', 4);
INSERT INTO responded (userID, label, scaleValUserIn) VALUES (1080, 'q_ C', 3);
INSERT INTO wasGiven (userID, sname, completed) VALUES (1081, 'test survey_3', '2021-01-04 12:39:49');
INSERT INTO responded (userID, label, scaleValUserIn) VALUES (1081, 'q_ A', 5);
INSERT INTO responded (userID, label, scaleValUserIn) VALUES (1081, 'q_ B', 3);
INSERT INTO responded (userID, label, scaleValUserIn) VALUES (1081, 'q_ C', 5);
INSERT INTO wasGiven (userID, sname, completed) VALUES (1082, 'test survey_3', '2021-01-09 04:04:37');
INSERT INTO responded (userID, label, scaleValUserIn) VALUES (1082, 'q_ A', 5);
INSERT INTO responded (userID, label, scaleValUserIn) VALUES (1082, 'q_ B', 5);
INSERT INTO responded (userID, label, scaleValUserIn) VALUES (1082, 'q_ C', 3);
INSERT INTO wasGiven (userID, sname, completed) VALUES (1083, 'test survey_3', '2021-01-10 23:00:26');
INSERT INTO responded (userID, label, scaleValUserIn) VALUES (1083, 'q_ A', 3);
INSERT INTO responded (userID, label, scaleValUserIn) VALUES (1083, 'q_ B', 5);
INSERT INTO responded (userID, label, scaleValUserIn) VALUES (1083, 'q_ C', 4);
INSERT INTO wasGiven (userID, sname, completed) VALUES (1084, 'test survey_3', '2021-01-01 17:07:02');
INSERT INTO responded (userID, label, scaleValUserIn) VALUES (1084, 'q_ A', 5);
INSERT INTO responded (userID, label, scaleValUserIn) VALUES (1084, 'q_ B', 2);
INSERT INTO responded (userID, label, scaleValUserIn) VALUES (1084, 'q_ C', 3);
INSERT INTO wasGiven (userID, sname, completed) VALUES (1085, 'test survey_3', '2021-01-03 05:26:13');
INSERT INTO responded (userID, label, scaleValUserIn) VALUES (1085, 'q_ A', 2);
INSERT INTO responded (userID, label, scaleValUserIn) VALUES (1085, 'q_ B', 2);
INSERT INTO responded (userID, label, scaleValUserIn) VALUES (1085, 'q_ C', 2);
INSERT INTO wasGiven (userID, sname, completed) VALUES (1086, 'test survey_3', NULL);
INSERT INTO wasGiven (userID, sname, completed) VALUES (1087, 'test survey_3', '2021-01-06 10:48:19');
INSERT INTO responded (userID, label, scaleValUserIn) VALUES (1087, 'q_ A', 5);
INSERT INTO responded (userID, label, scaleValUserIn) VALUES (1087, 'q_ B', 5);
INSERT INTO responded (userID, label, scaleValUserIn) VALUES (1087, 'q_ C', 4);
INSERT INTO wasGiven (userID, sname, completed) VALUES (1088, 'test survey_3', '2021-01-09 10:42:26');
INSERT INTO responded (userID, label, scaleValUserIn) VALUES (1088, 'q_ A', 4);
INSERT INTO responded (userID, label, scaleValUserIn) VALUES (1088, 'q_ B', 4);
INSERT INTO responded (userID, label, scaleValUserIn) VALUES (1088, 'q_ C', 2);
INSERT INTO wasGiven (userID, sname, completed) VALUES (1089, 'test survey_3', '2021-01-07 05:38:10');
INSERT INTO responded (userID, label, scaleValUserIn) VALUES (1089, 'q_ A', 1);
INSERT INTO responded (userID, label, scaleValUserIn) VALUES (1089, 'q_ B', 1);
INSERT INTO responded (userID, label, scaleValUserIn) VALUES (1089, 'q_ C', 1);

